term,count,AD
javascript,12759,0
python,11929,0
android,8620,0
react,8139,0
php,6603,0
nodejs,6426,0
java,6339,0
golang,5933,0
ios,5211,0
deep-learning,5143,1
docker,4940,0
machine-learning,4929,1
swift,4770,0
go,4248,0
typescript,3787,0
tensorflow,3340,0
ruby,3125,0
hacktoberfest,3063,0
linux,3043,0
vue,3001,0
api,2829,0
cli,2794,1
rust,2634,0
css,2511,0
kubernetes,2435,0
react-native,2366,0
angular,2296,0
r,2279,0
security,2193,1
kotlin,2176,0
library,2147,0
macos,2143,0
laravel,2139,0
python3,2136,0
json,2061,0
redux,2043,0
c,1916,0
html,1902,0
aws,1835,0
webpack,1796,0
csharp,1784,0
cpp,1736,0
database,1735,1
windows,1735,0
pytorch,1717,0
reactjs,1688,0
graphql,1662,0
blockchain,1655,1
computer-vision,1590,1
vuejs,1588,0
node,1536,0
ethereum,1532,0
testing,1486,1
game,1418,1
unity,1399,0
framework,1368,0
flutter,1349,0
nlp,1348,1
bot,1346,0
electron,1305,0
scala,1284,0
mysql,1257,0
wordpress,1255,0
dotnet,1253,0
keras,1253,0
mongodb,1252,0
android-library,1242,0
ui,1236,1
tutorial,1232,0
http,1225,0
c-plus-plus,1222,0
django,1213,0
animation,1198,1
shell,1196,0
vim,1174,0
plugin,1162,0
neural-network,1155,1
web,1142,1
git,1139,0
rails,1131,0
elixir,1112,0
markdown,1107,0
github,1100,0
awesome,1094,0
boilerplate,1079,0
bitcoin,1050,1
objective-c,1048,0
bootstrap,1047,0
arduino,1044,0
raspberry-pi,1011,0
postgresql,999,0
cryptocurrency,991,1
redis,988,0
bash,981,0
serverless,977,1
data-science,976,1
chrome-extension,976,0
c-sharp,967,0
monitoring,963,1
theme,954,0
unity3d,937,0
spring-boot,932,0
material-design,932,0
firebase,931,0
ansible,924,0
haskell,918,0
sql,914,0
terminal,911,0
rest-api,903,0
awesome-list,901,0
jquery,885,0
visualization,882,1
lua,880,0
es6,854,0
dart,850,0
image-processing,825,1
express,825,0
opencv,818,0
convolutional-neural-networks,814,1
flask,805,0
automation,798,1
parser,792,1
clojure,785,0
video,784,1
js,784,0
server,782,1
sass,782,0
artificial-intelligence,781,1
npm,775,0
rstats,769,0
component,766,0
template,766,0
open-source,765,0
cross-platform,765,0
rest,758,0
docker-image,757,0
natural-language-processing,754,1
cocoapods,750,0
symfony,749,0
nginx,741,0
authentication,725,1
iot,702,1
discord,697,0
xcode,695,0
algorithm,685,1
terraform,685,0
documentation,684,1
sdk,683,0
mobile,680,1
command-line,672,1
opengl,670,0
reinforcement-learning,667,1
docker-compose,659,0
frontend,653,1
gui,647,1
audio,646,1
devops,645,1
music,645,1
compiler,643,1
elasticsearch,643,0
functional-programming,640,1
deep-neural-networks,638,1
chrome,636,0
html5,635,0
game-development,632,1
cnn,624,1
svg,621,0
azure,619,0
demo,610,0
dotnet-core,606,0
ai,600,1
performance,595,0
julia,591,0
neural-networks,585,1
minecraft,582,0
async,581,0
aws-lambda,580,0
angularjs,580,0
google,577,0
telegram,576,0
babel,576,0
logging,574,1
vuejs2,574,0
bioinformatics,573,1
cloud,573,0
r-package,569,0
data-visualization,563,1
blog,562,0
kotlin-android,557,0
client,555,1
jekyll,555,0
pwa,552,0
image,551,1
proxy,547,0
xml,546,0
powershell,546,0
twitter,545,0
3d,539,1
browser,539,1
jwt,538,0
cms,537,1
php7,534,0
android-application,534,0
cryptography,532,1
jupyter-notebook,528,0
tool,526,0
,525,0
middleware,522,1
qt,520,0
ubuntu,519,0
algorithms,515,1
editor,511,1
generator,511,0
networking,509,1
graphics,508,1
slack,507,0
osx,504,0
network,498,1
websocket,496,1
graph,493,1
wordpress-plugin,492,0
gradle,490,0
atom,489,0
emacs,488,0
angular2,487,0
validation,486,1
microservices,485,1
language,485,0
latex,484,0
webgl,484,0
microservice,482,1
swagger,480,0
chatbot,479,1
game-engine,479,1
containers,477,1
material,477,0
robotics,473,1
xamarin,473,0
dashboard,469,1
vscode,468,0
example,467,0
composer,465,0
api-client,465,0
app,465,0
chat,461,0
metrics,456,0
data,454,1
data-structures,453,1
jest,450,0
statistics,447,1
search,446,1
notifications,444,0
pdf,443,0
zsh,442,0
scss,442,0
gulp,439,0
websockets,434,1
website,433,1
spring,432,0
sqlite,432,0
vuex,431,0
firefox,431,0
lambda,430,0
encryption,426,1
privacy,422,1
elm,421,0
youtube,420,0
dotfiles,417,0
emulator,416,0
jquery-plugin,416,0
ocaml,415,0
kafka,414,0
command-line-tool,413,1
eslint,413,0
orm,412,1
design,410,1
android-app,408,0
spark,408,0
facebook,404,0
expressjs,403,0
carthage,401,0
email,400,1
csv,400,0
bootstrap4,398,0
grpc,397,0
package,394,0
lstm,393,1
developer-tools,393,0
cache,391,0
solidity,391,0
matlab,390,0
swift4,389,0
ui-components,388,1
optimization,386,1
i18n,386,0
wrapper,384,0
p2p,383,1
object-detection,382,1
mvvm,382,0
crypto,381,1
heroku,381,0
extension,381,0
router,376,1
gamedev,375,1
webapp,374,0
analytics,372,1
canvas,372,0
classification,370,1
prometheus,369,0
hacking,368,0
styled-components,368,0
architecture,366,1
security-tools,366,1
dockerfile,366,0
deeplearning,363,1
desktop,361,1
npm-package,361,0
neovim,360,0
oauth2,359,0
postgres,358,0
rxjava,357,0
ssh,357,0
esp8266,357,0
workflow,355,0
crystal,354,0
utility,353,0
reactive,353,0
material-ui,352,0
deployment,350,0
javascript-library,350,0
telegram-bot,348,0
calendar,346,0
gan,344,1
gpu,344,0
yii2,344,0
streaming,343,1
learning,340,0
clojurescript,339,0
crawler,337,1
opensource,337,0
angular4,337,0
android-development,335,1
console,335,1
qt5,335,0
instagram,334,0
data-analysis,331,1
react-router,331,0
stream,331,0
yaml,331,0
mac,330,0
react-component,330,0
dependency-injection,329,1
tools,328,0
dataset,328,0
chart,327,0
icons,327,0
vue2,325,0
vscode-extension,325,0
programming-language,324,1
ssr,324,0
mqtt,323,0
vagrant,323,0
starter-kit,322,0
mongoose,322,0
camera,321,1
numpy,321,0
apple,321,0
storage,320,1
smart-contracts,320,1
ionic,317,0
components,317,0
postcss,316,0
ember,316,0
translation,315,1
continuous-integration,314,1
reverse-engineering,314,1
gatsby,313,0
wpf,312,0
widget,312,0
nextjs,311,0
hooks,311,0
discord-bot,310,0
font,309,1
webassembly,308,1
symfony-bundle,308,0
dns,307,0
test,306,0
jenkins,306,0
generative-adversarial-network,305,1
responsive,305,0
cplusplus,305,0
threejs,304,0
nuxt,302,0
jupyter,302,0
list,301,0
erlang,301,0
configuration,300,1
uikit,300,0
productivity,300,0
grid,299,0
navigation,298,0
script,297,0
selenium,297,0
webrtc,296,0
rxjava2,296,0
debian,296,0
k8s,296,0
testing-tools,295,1
ci,294,1
real-time,293,1
openapi,292,0
asp-net-core,291,0
rabbitmq,291,0
cpp11,290,0
create-react-app,289,0
node-js,287,0
maven,287,0
localization,286,0
android-ui,286,0
react-components,286,0
asynchronous,285,1
education,285,1
cluster,285,1
engine,285,0
embedded,284,1
laravel-package,284,0
cordova,284,0
home-assistant,283,1
emoji,283,0
dsl,283,0
pentesting,282,1
linter,281,1
scikit-learn,281,0
restful-api,280,0
serialization,279,1
cmake,279,0
static-site-generator,278,1
rpc,277,0
distributed-systems,276,1
native,276,0
wasm,276,0
xamarin-forms,276,0
home-automation,275,1
ide,275,1
javafx,274,0
sketch,274,0
nuget,274,0
trading,273,0
ecommerce,272,1
simulation,272,1
ffmpeg,272,0
cuda,272,0
css3,272,0
sublime-text,271,0
state-management,270,1
unit-testing,270,1
homebrew,270,0
static-analysis,269,1
form,269,0
backend,268,1
authorization,268,1
dagger2,268,0
helm,268,0
apollo,268,0
addon,268,0
https,267,0
s3,267,0
backup,265,1
benchmark,265,1
vue-router,265,0
admin,263,1
rnn,262,1
deep-reinforcement-learning,262,1
pandas,261,0
esp32,260,0
filter,260,0
unix,260,0
ssl,259,0
api-wrapper,259,0
parsing,257,1
math,256,1
http-server,256,1
tcp,255,0
clean-architecture,254,1
finance,254,1
uwp,254,0
vue-components,254,0
dotnetcore,254,0
color,253,0
tree,253,0
interpreter,252,1
segmentation,252,1
free,252,0
perl,252,0
machine-learning-algorithms,251,1
filesystem,251,1
arduino-library,251,0
clustering,250,1
keyboard,250,0
microsoft,249,0
simple,249,0
retrofit2,248,0
lightweight,248,0
server-side-rendering,247,1
spa,247,0
promise,247,0
snippets,246,0
php-library,246,0
messaging,245,1
kernel,245,1
text,245,0
metadata,245,0
driver,244,0
visual-studio,243,0
recurrent-neural-networks,242,1
face-detection,241,1
ios-app,241,0
meteor,241,0
rxjs,241,0
vim-plugin,240,0
json-schema,240,0
map,239,0
loader,239,0
dapp,239,0
arm,238,0
ipfs,238,0
tvos,238,0
nosql,238,0
golang-library,238,0
recyclerview,238,0
dom,237,0
events,236,0
protocol,236,0
fsharp,236,0
github-api,236,0
docker-container,236,0
ios-swift,235,0
realtime,234,1
wallet,234,0
view,234,0
scraper,233,1
schema,233,0
spotify,233,0
charts,233,0
wifi,232,1
sentiment-analysis,232,1
travis-ci,232,0
forms,232,0
electron-app,232,0
converter,231,1
big-data,230,1
mvp,230,0
restful,230,0
player,229,1
concurrency,228,1
syntax-highlighting,228,1
bluetooth,227,1
oauth,227,1
maps,227,0
haxe,227,0
grafana,226,0
axios,226,0
http-client,225,1
python-3,225,0
mock,225,0
time-series,224,1
development,224,1
crud,224,1
yarn,224,0
queue,224,0
sketch-plugin,224,0
logger,223,1
ros,223,0
parse,222,1
gradle-plugin,222,0
java-8,222,0
tdd,221,0
tls,221,0
container,221,0
pipeline,221,0
routing,220,1
image-classification,220,1
dialog,220,0
fast,220,0
functional,220,0
distributed,219,1
book,219,0
ruby-gem,219,0
compression,218,1
examples,218,0
koa,218,0
protobuf,217,0
mobx,217,0
vr,216,1
ocr,216,1
gis,216,1
kotlin-library,216,0
config,216,0
flutter-examples,216,0
analysis,216,0
d3,216,0
application,215,0
table,215,0
shaders,214,1
llvm,214,0
visual-studio-code,214,0
ruby-on-rails,214,0
rss,214,0
socket-io,213,1
web-components,213,1
gitlab,213,0
jsx,213,0
detection,213,0
letsencrypt,212,0
starter,212,0
redux-saga,212,0
react-hooks,211,0
json-api,211,0
autocomplete,210,0
laravel-5-package,210,0
layout,210,0
mvc,210,0
cqrs,208,0
downloader,207,0
bundle,206,0
android-studio,206,0
alpine,206,0
module,206,0
firefox-addon,205,0
gem,205,0
penetration-testing,204,1
socket,204,1
nativescript,204,0
phoenix,204,0
package-manager,203,1
ml,203,1
music-player,203,0
decentralized,201,0
aspnetcore,201,0
genetic-algorithm,200,1
angular5,200,0
craftcms,200,0
offline,200,0
flutter-apps,200,0
progressive-web-app,199,1
vpn,199,1
caffe,199,0
nuxtjs,199,0
angular-cli,199,0
elixir-lang,199,0
cran,199,0
augmented-reality,198,1
menu,198,0
excel,198,0
cpp17,198,0
data-mining,197,1
github-actions,197,0
asyncio,197,0
jvm,197,0
semantic-segmentation,196,1
mocha,196,0
social-network,195,1
static-site,195,1
activerecord,195,0
animations,195,0
ajax,195,0
accessibility,194,0
debugger,194,0
raspberrypi,194,0
community,193,0
jekyll-theme,192,0
template-engine,192,0
flutter-plugin,191,0
serverless-framework,191,0
flow,191,0
shader,190,1
ast,189,1
images,189,1
workshop,189,0
react-redux,189,0
firefox-extension,189,0
django-rest-framework,189,0
debug,188,1
webserver,188,1
universal,188,0
shell-script,188,0
text-classification,187,1
glsl,187,0
python-library,187,0
api-gateway,186,0
password,186,0
research,186,0
nim,186,0
face-recognition,185,1
debugging,185,1
tmux,185,0
ecs,185,0
speech-recognition,184,1
plugins,184,0
iphone,184,0
udp,183,1
vulkan,183,0
google-maps,183,0
front-end,182,0
tutorials,182,0
operating-system,181,1
web-application,180,1
build,180,0
reactive-programming,179,1
seo,179,0
assembly,179,0
expo,179,0
screenshot,179,0
monitor,179,0
physics,178,1
parallel,178,1
preact,178,0
picker,178,0
login,177,1
regex,177,1
repl,177,0
d3js,177,0
lisp,176,0
hacktoberfest2020,176,0
games,176,0
bash-script,176,0
scanner,175,1
aws-s3,175,0
github-pages,175,0
admin-dashboard,174,1
time,174,1
swift-package-manager,174,0
mobile-app,174,0
css-framework,174,0
search-engine,173,1
genomics,173,1
storybook,173,0
google-cloud,173,0
hardware,172,1
malware,172,1
cpp14,172,0
modular,172,0
reddit,172,0
gnome,170,0
openshift,170,0
dark-theme,170,0
cassandra,170,0
color-scheme,169,0
java-library,169,0
programming,168,1
internationalization,168,0
formatter,167,0
arkit,166,0
devtools,166,0
coroutines,165,1
isomorphic,165,1
scraping,165,1
science,165,1
matrix,165,0
design-patterns,164,1
flux,164,0
annotations,164,0
web3,164,0
watchos,163,0
event-sourcing,163,0
swift-3,163,0
fortran,163,0
multiplayer,163,0
high-performance,162,1
log,162,1
sync,162,1
css-in-js,162,0
flexbox,162,0
akka,162,0
file,162,0
coffeescript,162,0
sqlite3,162,0
webcomponents,162,0
midi,162,0
web-app,161,1
test-automation,161,1
browser-extension,161,0
download,161,0
webpack2,161,0
matplotlib,161,0
cloudformation,161,0
xaml,161,0
http2,161,0
bots,160,1
reasonml,160,0
curl,160,0
qrcode,160,0
modal,160,0
media,160,0
code-generation,159,1
build-tool,159,0
swift-library,159,0
infrastructure,159,0
influxdb,159,0
gcp,159,0
dartlang,159,0
virtual-machine,158,1
tracking,158,1
exploit,158,0
best-practices,158,0
ux,158,0
weather,158,0
webextension,158,0
model,158,0
rendering,157,1
validator,157,1
gtk,157,0
web-framework,156,1
payment,156,0
notebook,156,0
ionic-framework,156,0
notes,156,0
guide,156,0
mathematics,155,1
2d,155,0
netcore,155,0
tor,155,0
drag-and-drop,155,0
webpack4,155,0
yii2-extension,155,0
smtp,155,0
input,155,0
service,154,0
datepicker,154,0
intellij,154,0
geojson,154,0
wordpress-theme,153,0
consul,153,0
gif,153,0
ember-addon,153,0
gallery,153,0
slider,153,0
unicode,153,0
jwt-authentication,153,0
self-hosted,153,0
web-development,152,1
ddd,152,0
infosec,152,0
circleci,152,0
less,152,0
amazon,152,0
eloquent,152,0
godot,152,0
management,152,0
pagination,152,0
graphql-server,152,0
swift3,152,0
computer-science,151,1
continuous-delivery,151,1
rxswift,151,0
pypi,151,0
word2vec,151,0
vue-component,151,0
shiny,151,0
transfer-learning,150,1
resources,150,0
dynamodb,150,0
wiki,150,0
torrent,150,0
hack,149,0
apache,149,0
cheatsheet,149,0
minimal,149,0
server-side-swift,149,0
vue-cli,149,0
geospatial,148,1
photos,148,0
mariadb,148,0
code,148,0
tailwindcss,147,0
utilities,147,0
spigot,147,0
exchange,147,0
dotnet-standard,147,0
windows-10,147,0
messenger,147,0
mail,146,1
swiftui,146,0
coreml,146,0
steam,146,0
puppeteer,146,0
spring-security,146,0
oracle,146,0
encoding,146,0
hash,146,0
easy-to-use,146,0
peer-to-peer,145,1
geolocation,145,1
paper,145,0
sms,145,0
error-handling,145,0
nestjs,145,0
groovy,144,0
rust-library,144,0
training,144,0
angular6,144,0
pentest,143,1
custom,143,0
twitter-api,143,0
swift5,143,0
skeleton,143,0
unsupervised-learning,142,1
state,142,0
installer,142,0
kaggle,142,0
hackathon,142,0
dynamic,142,0
cloud-native,142,0
nlp-machine-learning,141,1
google-analytics,141,0
relay,141,0
diff,141,0
emacs-lisp,141,0
bukkit,141,0
android-architecture,141,0
header-only,141,0
polymer,141,0
query,141,0
webhook,140,0
sample,140,0
robot,140,0
apollo-client,140,0
stack,140,0
cybersecurity,139,1
pubsub,139,0
netstandard,139,0
gatsbyjs,139,0
upload,139,0
macosx,139,0
firestore,139,0
date,139,0
netlify,139,0
common-lisp,139,0
scheduler,138,1
linear-algebra,138,1
docs,138,0
neo4j,138,0
ansible-role,138,0
news,138,0
playground,138,0
cron,138,0
push-notifications,138,0
koa2,138,0
seq2seq,137,1
bdd,137,1
competitive-programming,137,1
pug,137,0
mapping,137,0
homebridge,137,0
osint,137,0
twitch,137,0
irc,137,0
anime,137,0
simulator,136,1
geometry,136,1
openstreetmap,136,0
templates,136,0
scroll,136,0
centos,136,0
mvvm-architecture,135,0
vault,135,0
terraform-provider,135,0
sql-server,134,0
firebase-database,134,0
vapor,134,0
themes,134,0
bootstrap-4,134,0
sound,134,0
mit-license,134,0
regression,133,1
recommender-system,133,1
python2,133,0
prettier,133,0
button,133,0
fish,133,0
svelte,133,0
notification,133,0
cryptocurrencies,132,1
graph-algorithms,132,1
text-editor,132,1
virtual-reality,132,1
toolkit,132,0
kubernetes-cluster,132,0
computer-graphics,131,1
file-upload,131,1
ios11,131,0
flutter-package,131,0
trading-bot,131,0
transition,131,0
todo,131,0
packer,131,0
medical-imaging,130,1
racket,130,0
coverage,130,0
loading,130,0
twig,130,0
mocking,129,1
request,129,0
controller,129,0
webpack-plugin,129,0
x86,129,0
documentation-tool,129,0
rubygem,129,0
portfolio,129,0
magento,128,0
carousel,128,0
auth,128,0
qml,128,0
processing,128,0
mongo,128,0
art,128,0
immutable,128,0
hls,128,0
livedata,127,0
os,127,0
phpunit,127,0
mnist,127,0
hadoop,126,0
tracing,126,0
truffle,126,0
modules,126,0
vimrc,126,0
customizable,125,0
agent,125,0
desktop-app,125,0
dropdown,125,0
es2015,125,0
phaser,125,0
bindings,125,0
whatsapp,125,0
scripting,125,0
firmware,125,0
files,125,0
macros,125,0
state-machine,124,0
security-audit,124,0
payments,124,0
sbt,124,0
portable,124,0
reverse-proxy,124,0
viewmodel,124,0
interactive,124,0
opencl,124,0
vim-plugins,124,0
timeline,124,0
code-generator,123,1
url,123,0
amqp,123,0
kibana,123,0
attention-mechanism,123,0
feed,123,0
angular7,123,0
select,123,0
oop,123,0
entity-framework,123,0
gps,122,1
machinelearning,122,1
project,122,0
styleguide,122,0
graphs,122,0
decorators,122,0
timer,122,0
image-segmentation,121,1
text-mining,121,1
progress-bar,121,0
firebase-auth,121,0
ionic3,121,0
mod,121,0
fonts,121,0
caching,120,1
repository,120,0
chromium,120,0
switch,120,0
sequelize,120,0
monorepo,120,0
clang,120,0
mono,120,0
wechat,120,0
wysiwyg,120,0
procedural-generation,119,1
etl,119,1
sort,119,0
ngrx,119,0
stripe,119,0
bulma,119,0
webapi,119,0
purescript,119,0
rust-lang,119,0
popup,119,0
array,119,0
token,119,0
virtualbox,119,0
runtime,118,0
collection,118,0
custom-view,118,0
swipe,118,0
godot-engine,118,0
tabs,118,0
fetch,118,0
rmarkdown,118,0
drawing,118,0
hpc,118,0
prediction,118,0
string,118,0
image-recognition,117,1
configuration-management,117,1
certificate,117,0
localstorage,117,0
antd,117,0
entity-framework-core,117,0
face,117,0
react-router-v4,117,0
reproducible-research,116,0
css-modules,116,0
integration,116,0
mp3,116,0
azure-functions,116,0
builder,116,0
assets,116,0
lint,116,0
transformer,116,0
cli-app,116,0
sensor,116,0
python-script,116,0
craft-plugin,116,0
viewer,116,0
emulation,116,0
vector,116,0
serializer,116,0
regular-expression,115,1
password-manager,115,1
continuous-deployment,115,1
architecture-components,115,1
multithreading,115,1
jdbc,115,0
docker-swarm,115,0
rspec,115,0
leaflet,115,0
babel-plugin,115,0
springboot,115,0
3d-printing,115,0
yeoman,114,0
vanilla-javascript,114,0
memory,114,0
permissions,114,0
archlinux,114,0
hugo,114,0
logs,114,0
vanilla-js,114,0
interview,114,0
mxnet,114,0
video-player,113,0
magento2,113,0
vuetify,113,0
udacity,113,0
location,113,0
slides,113,0
radio,113,0
junit,113,0
alert,113,0
ui-design,113,0
hacking-tool,113,0
progress,112,0
yolo,112,0
webview,112,0
drupal,112,0
toast,112,0
homebridge-plugin,112,0
manager,112,0
self-driving-car,111,1
static-code-analysis,111,1
datetime,111,1
interview-questions,111,0
x86-64,111,0
yii,111,0
faas,111,0
reflection,111,0
service-worker,111,0
event-driven,111,0
deprecated,111,0
stats,111,0
datascience,110,1
flutter-demo,110,0
hibernate,110,0
webpack-loader,110,0
cpu,110,0
pandoc,110,0
money,110,0
spring-mvc,110,0
json-parser,109,1
font-awesome,109,0
infrastructure-as-code,109,0
logstash,109,0
versioning,109,0
course,109,0
java8,109,0
single-page-app,108,1
spreadsheet,108,0
sklearn,108,0
terraform-modules,108,0
android-sdk,108,0
dash,108,0
spider,108,0
network-analysis,107,1
emotion,107,0
slack-bot,107,0
amazon-web-services,107,0
rubygems,107,0
internet-of-things,107,0
png,107,0
declarative,107,0
currency,107,0
wordpress-development,107,0
rollup,107,0
golang-package,107,0
presentation,107,0
requests,106,0
platform,106,0
samples,106,0
operator,106,0
vision,106,0
openapi3,106,0
http-proxy,106,0
room,106,0
stylus,106,0
reporting,106,0
scrolling,106,0
aspnet-core,106,0
bittorrent,106,0
distributed-computing,105,1
communication,105,1
playbook,105,0
ldap,105,0
ecmascript,105,0
eclipse,105,0
binary,105,0
ec2,105,0
proxy-server,105,0
social-media,105,0
element-ui,105,0
delphi,105,0
keras-tensorflow,105,0
webvr,105,0
component-library,105,0
colors,105,0
style,105,0
sdl2,105,0
homeassistant,105,0
headless,105,0
bootstrap-theme,105,0
codeigniter,104,0
gtk3,104,0
mvp-architecture,104,0
prompt,104,0
extensions,104,0
helper,104,0
raspberry-pi-3,104,0
ipv6,104,0
unity3d-plugin,104,0
autoencoder,104,0
artificial-neural-networks,103,1
ftp,103,1
spinner,103,0
key-value,103,0
collaboration,103,0
scripts,103,0
decoder,103,0
swarm,103,0
ggplot2,103,0
embeddings,103,0
bootstrap3,103,0
viewpager,103,0
smarthome,103,0
remote-control,103,0
debugging-tool,103,0
vulnerability,102,1
scientific-computing,102,1
polyfill,102,0
hot-reload,102,0
theano,102,0
uitableview,102,0
makefile,102,0
homekit,102,0
bluetooth-low-energy,102,0
angular-material,102,0
apk,102,0
rdf,102,0
interface,102,0
design-system,102,0
e-commerce,101,1
stock-market,101,1
role,101,0
article,101,0
identity,101,0
resnet,101,0
bot-framework,101,0
desktop-application,101,0
attention,101,0
openai-gym,101,0
functions,101,0
bridge,101,0
daemon,101,0
named-entity-recognition,100,1
test-framework,100,0
google-cloud-platform,100,0
unity-editor,100,0
tensorflow-tutorials,100,0
tui,100,0
atom-package,100,0
resume,100,0
malware-analysis,99,1
clean-code,99,1
spring-cloud,99,0
unreal-engine,99,0
selenium-webdriver,99,0
discord-js,99,0
leetcode,99,0
pip,99,0
system,99,0
xamarin-android,99,0
launcher,99,0
binance,99,0
typography,99,0
a11y,99,0
cocoa,99,0
mobile-development,98,0
alfred,98,0
chef,98,0
control,98,0
forum,98,0
npm-module,98,0
history,98,0
instrumentation,98,0
export,98,0
registry,98,0
micropython,98,0
user-interface,97,1
synchronization,97,1
digitalocean,97,0
alexa,97,0
ctf,97,0
uicollectionview,97,0
openvpn,97,0
julia-language,97,0
nix,97,0
rpg,97,0
github-app,97,0
observable,97,0
bigdata,96,1
verification,96,0
usb,96,0
card,96,0
openssl,96,0
custom-elements,96,0
cloudflare,96,0
beginner-friendly,96,0
erc20,96,0
benchmarking,96,0
sqlalchemy,96,0
migration,96,0
freebsd,96,0
assembler,96,0
glide,95,0
binding,95,0
transaction,95,0
phoenix-framework,95,0
ibmcode,95,0
rest-client,95,0
dqn,95,0
drag,95,0
progressbar,95,0
hapi,95,0
colorscheme,95,0
live,95,0
cookie,95,0
fun,95,0
scrapy,95,0
orchestration,95,0
commandline,94,1
3d-graphics,94,1
markdown-editor,94,1
latex-template,94,0
microcontroller,94,0
otp,94,0
tags,94,0
slide,94,0
ant-design,94,0
apache-spark,94,0
import,94,0
solr,94,0
google-api,94,0
sinatra,94,0
annotation,94,0
audio-player,93,1
timeseries,93,1
form-validation,93,1
hex,93,0
serial,93,0
yeoman-generator,93,0
headless-chrome,93,0
passport,93,0
social,93,0
speech,93,0
enterprise,93,0
ascii,93,0
kubectl,93,0
dependencies,93,0
epub,93,0
metal,93,0
lumen,93,0
plot,92,1
tests,92,1
image-manipulation,92,1
question-answering,92,1
code-quality,92,1
nativescript-plugin,92,1
intellij-plugin,92,0
scaffold,92,0
command,92,0
dictionary,92,0
jpa,92,0
scheme,92,0
movie,92,0
plex,92,0
raspberry,92,0
calculator,92,0
titanium,92,0
api-server,92,0
build-automation,91,1
linear-regression,91,1
injection,91,1
plotting,91,1
remote,91,0
litecoin,91,0
ci-cd,91,0
bert,91,0
ue4,91,0
celery,91,0
drone,91,0
point-cloud,91,0
audit,91,0
gitbook,91,0
offline-first,91,0
async-await,91,0
effects,91,0
fedora,91,0
integration-testing,90,1
mining,90,1
bayesian-inference,90,1
gateway,90,0
node-module,90,0
grammar,90,0
style-transfer,90,0
nvidia,90,0
pokemon,90,0
spacy,90,0
istio,90,0
ble,90,0
maven-plugin,90,0
shopping-cart,90,0
types,90,0
lstm-neural-networks,90,0
auth0,90,0
retrofit,90,0
books,90,0
hook,90,0
signal-processing,89,1
web-scraping,89,1
logistic-regression,89,1
fuzzing,89,0
acl,89,0
ionic2,89,0
react-navigation,89,0
unreal-engine-4,89,0
karma,89,0
transpiler,89,0
starter-template,89,0
xamarin-ios,89,0
conversion,89,0
opencv-python,89,0
mesos,89,0
grunt,89,0
game-server,88,1
webdriver,88,1
video-processing,88,1
prometheus-exporter,88,0
share,88,0
bitbucket,88,0
ascii-art,88,0
encoder,88,0
language-server-protocol,88,0
linkedin,88,0
color-picker,88,0
bootstrap-template,88,0
tensorflow-models,88,0
syntax,88,0
event,88,0
ip,88,0
stm32,88,0
3d-reconstruction,87,1
algorithmic-trading,87,1
chat-application,87,1
generative-model,87,1
lightning-network,87,0
scaffolding,87,0
openstack,87,0
vm,87,0
logging-library,87,0
browserify,87,0
voice,87,0
development-environment,87,0
enzyme,87,0
linq,87,0
persistence,87,0
mybatis,87,0
hyperledger,87,0
netty,87,0
profiling,87,0
emscripten,87,0
listview,87,0
datastructures,87,0
firewall,86,0
helm-charts,86,0
flutter-widget,86,0
ios-ui,86,0
twilio,86,0
realm,86,0
xlsx,86,0
instagram-api,86,0
demo-app,86,0
environment-variables,86,0
api-rest,86,0
laravel5,86,0
devops-tools,86,0
design-systems,86,0
emberjs,86,0
salesforce,86,0
store,86,0
sandbox,86,0
flowtype,86,0
btc,86,0
mesh,86,0
parallel-computing,85,1
pose-estimation,85,1
random-forest,85,1
virtualization,85,1
astronomy,85,1
css-grid,85,0
arch-linux,85,0
torch,85,0
golang-application,85,0
deploy,85,0
sentry,85,0
trading-strategies,85,0
menubar,85,0
phone,85,0
lazy-loading,85,0
actions,85,0
discord-api,85,0
stylelint,85,0
static,85,0
redux-thunk,85,0
seed,85,0
apollographql,85,0
blender,85,0
line,85,0
scenekit,85,0
eos,85,0
couchdb,85,0
reader,85,0
metaprogramming,84,1
bugbounty,84,0
swift-4,84,0
tooltip,84,0
thread,84,0
environment,84,0
blog-engine,84,0
asp-net,84,0
youtube-dl,84,0
nova,84,0
clipboard,84,0
ui-kit,84,0
jira,84,0
cdn,84,0
html5-canvas,84,0
overlay,84,0
cv,83,1
blockchain-technology,83,1
file-manager,83,1
sublime-text-3,83,0
datasets,83,0
swift-framework,83,0
gradient,83,0
reactnative,83,0
libraries,83,0
url-shortener,83,0
cats,83,0
task,83,0
pygame,83,0
light,83,0
craftcms-plugin,83,0
twitter-bot,83,0
meetup,83,0
meteorjs,83,0
security-scanner,82,1
domain-driven-design,82,0
xss,82,0
zookeeper,82,0
posix,82,0
open-data,82,0
analyzer,82,0
slam,82,0
pyqt5,82,0
databinding,82,0
bazel,82,0
payment-gateway,82,0
challenge,82,0
random,82,0
vertx,82,0
jpeg,82,0
ipad,82,0
bytecode,82,0
youtube-api,82,0
chess,82,0
gaming,82,0
assertions,82,0
reactive-streams,82,0
ioc,82,0
promises,82,0
tex,82,0
adapter,82,0
webpack3,82,0
google-chrome,81,0
batch,81,0
secure,81,0
mvp-android,81,0
entity-component-system,81,0
object,81,0
translate,81,0
highlight,81,0
movies,81,0
nuxt-module,81,0
rbac,81,0
headless-cms,81,0
streams,81,0
online,81,0
fpga,81,0
dropbox,81,0
speech-to-text,80,1
no-dependencies,80,0
imagenet,80,0
opentracing,80,0
xmpp,80,0
esp8266-arduino,80,0
express-js,80,0
angular8,80,0
game-2d,80,0
project-management,80,0
rich-text-editor,80,0
utils,80,0
update,80,0
forensics,80,0
jamstack,80,0
telegram-bot-api,80,0
love2d,80,0
api-documentation,80,0
google-drive,80,0
performance-analysis,79,1
load-balancer,79,1
visualisation,79,1
svm,79,1
watch,79,0
l10n,79,0
termux,79,0
ipc,79,0
memcached,79,0
crop,79,0
pdf-generation,79,0
akka-http,79,0
crm,79,0
openid-connect,79,0
multi-platform,79,0
tracker,79,0
cucumber,79,0
rtmp,79,0
nintendo,79,0
manga,79,0
modern,79,0
generative-art,79,0
alfred-workflow,79,0
mpi,79,0
dnn,78,1
game-dev,78,1
information-retrieval,78,1
scalajs,78,0
php-fpm,78,0
net,78,0
administration,78,0
sdl,78,0
utility-library,78,0
wikipedia,78,0
monero,78,0
raspbian,78,0
dlang,78,0
blazor,78,0
soap,78,0
widgets,78,0
rxandroid,78,0
machine,78,0
nest,78,0
access-control,77,1
dataviz,77,1
winforms,77,0
apis,77,0
viml,77,0
touch,77,0
render,77,0
example-project,77,0
standard,77,0
openresty,77,0
clock,77,0
consensus,77,0
graphql-client,77,0
scale,77,0
soundcloud,77,0
replication,77,0
particles,77,0
simd,77,0
sorting-algorithms,76,1
linux-kernel,76,1
microservices-architecture,76,1
text-to-speech,76,1
xgboost,76,0
captcha,76,0
graphviz,76,0
dlib,76,0
inference,76,0
install,76,0
full-stack,76,0
templating,76,0
icon,76,0
ipv4,76,0
rpi,76,0
animated,76,0
clone,76,0
vue-plugin,76,0
elm-lang,76,0
sonarqube,76,0
stock,76,0
handlebars,76,0
owasp,76,0
natural-language-understanding,75,1
distributed-tracing,75,1
webservice,75,1
neuroscience,75,1
luajit,75,0
oidc,75,0
probot-app,75,0
query-builder,75,0
tweets,75,0
protocol-buffers,75,0
unity-3d,75,0
pascal,75,0
nextcloud,75,0
lightning,75,0
semantic-ui,75,0
reproducibility,75,0
setup,75,0
doctrine,75,0
jekyll-themes,75,0
form-builder,75,0
wysiwyg-editor,75,0
spring-data-jpa,75,0
audio-processing,74,1
quantitative-finance,74,1
super-resolution,74,1
data-structure,74,1
renderer,74,1
micro-framework,74,0
3d-models,74,0
vulnerabilities,74,0
zip,74,0
hacktoberfest2019,74,0
diagram,74,0
profile,74,0
infinite-scroll,74,0
shop,74,0
uploader,74,0
swagger-ui,74,0
plotly,74,0
toolbox,74,0
ffi,74,0
tutorial-code,74,0
mysql-database,74,0
ebook,74,0
ping,74,0
aes,74,0
sse,74,0
css-animations,74,0
strings,74,0
quality,74,0
bower,74,0
optimization-algorithms,73,1
react-native-component,73,0
monad,73,0
context,73,0
code-splitting,73,0
laravel-framework,73,0
systemd,73,0
autolayout,73,0
schedule,73,0
ansible-playbook,73,0
documentation-generator,73,0
ethereum-dapp,73,0
fintech,73,0
toml,73,0
hmr,73,0
remote-sensing,73,0
traefik,73,0
teaching,73,0
sqlserver,73,0
aframe,73,0
sample-app,73,0
chainer,73,0
imagemagick,73,0
recaptcha,73,0
coredata,73,0
snapshot,73,0
textview,73,0
conference,73,0
hubot,73,0
stream-processing,72,1
trading-algorithms,72,1
testing-framework,72,1
supervised-learning,72,1
language-model,72,1
gltf,72,0
ecto,72,0
angular-2,72,0
enumeration,72,0
codegen,72,0
message-queue,72,0
es6-javascript,72,0
boost,72,0
style-guide,72,0
mastodon,72,0
google-maps-api,72,0
apollo-server,72,0
pentest-tool,72,0
cryptocurrency-exchanges,72,0
apps,72,0
mssql,72,0
rss-reader,72,0
etcd,72,0
file-sharing,72,0
libgdx,72,0
rstudio,72,0
json-ld,72,0
p5js,72,0
mobilenet,72,0
scipy,72,0
scripting-language,72,0
socks5,72,0
classifier,72,0
sorting,72,0
shadowsocks,72,0
graph-database,71,1
browsersync,71,0
tslint,71,0
responsive-design,71,0
gdpr,71,0
recognition,71,0
high-availability,71,0
vmware,71,0
collectionview,71,0
probot,71,0
opendata,71,0
entity,71,0
feature-extraction,71,0
androidx,71,0
ethereum-contract,71,0
health,71,0
dns-server,71,0
gatsby-starter,71,0
secrets,71,0
pytest,71,0
gzip,71,0
collections,71,0
cython,71,0
sharedpreferences,71,0
gcc,71,0
craft3,71,0
gitlab-ci,71,0
redis-client,71,0
packages,71,0
sbt-plugin,71,0
fullstack,71,0
alpine-linux,71,0
learn-to-code,71,0
sip,71,0
webhooks,71,0
changelog,71,0
geocoding,71,0
engineering,70,1
embedded-systems,70,1
chai,70,1
performance-testing,70,1
firebase-cloud-messaging,70,0
tableview,70,0
sharing,70,0
dsp,70,0
actor-model,70,0
easy,70,0
kotlin-coroutines,70,0
spritekit,70,0
comments,70,0
i3,70,0
path,70,0
cordova-plugin,70,0
c-plus-plus-11,70,0
directive,70,0
material-components,70,0
publishing,70,0
ngx,70,0
core,70,0
reagent,70,0
help-wanted,70,0
zabbix,70,0
puppet,70,0
2fa,70,0
frp,70,0
signature,70,0
prototype,70,0
angular-components,70,0
video-streaming,69,1
travis,69,0
cakephp,69,0
iterm2,69,0
language-server,69,0
dll,69,0
enum,69,0
chatbots,69,0
tesseract,69,0
nvim,69,0
parcel,69,0
parallax,69,0
standalone,69,0
decryption,69,0
uber,69,0
barcode,69,0
draw,69,0
php-framework,69,0
rack,69,0
meteor-package,69,0
autonomous-vehicles,68,1
unittest,68,1
image-analysis,68,1
lexer,68,1
text-processing,68,1
opengl-es,68,0
gke,68,0
bucklescript,68,0
eventbus,68,0
swoole,68,0
apm,68,0
decoding,68,0
mixins,68,0
zero-configuration,68,0
internet,68,0
podcast,68,0
nmap,68,0
coursera,68,0
json-rpc,68,0
jasmine,68,0
flask-application,68,0
spotify-api,68,0
todolist,68,0
kubernetes-operator,68,0
active-directory,68,0
services,68,0
aspnet,68,0
functional-reactive-programming,68,0
geo,68,0
models,68,0
psr-7,68,0
evolutionary-algorithms,67,1
word-embeddings,67,1
webscraping,67,1
gist,67,0
gameboy,67,0
cms-framework,67,0
woocommerce,67,0
packagist,67,0
color-palette,67,0
beginner,67,0
jekyll-plugin,67,0
eslint-plugin,67,0
firebase-authentication,67,0
learning-by-doing,67,0
creative-coding,67,0
svg-icons,67,0
medium,67,0
bayesian,67,0
ipython,67,0
unconf,67,0
admin-template,67,0
anomaly-detection,66,1
collaborative-filtering,66,1
graphite,66,0
kali-linux,66,0
symfony-component,66,0
slideshow,66,0
preview,66,0
shopify,66,0
graphics-programming,66,0
spatial,66,0
multiplatform,66,0
websocket-server,66,0
test-driven-development,66,0
appcelerator,66,0
rx,66,0
firebase-realtime-database,66,0
class,66,0
uuid,66,0
nltk,66,0
refactoring,66,0
inventory,66,0
arcgis,66,0
algolia,66,0
datatables,66,0
sftp,66,0
security-automation,66,0
annotation-processor,66,0
starter-project,66,0
exploitation,66,0
play-framework,66,0
cloud-computing,65,1
autonomous-driving,65,1
unit-test,65,1
subscription,65,0
now,65,0
unity-asset,65,0
vgg16,65,0
task-runner,65,0
badge,65,0
interpolation,65,0
rsa,65,0
process,65,0
format,65,0
unity2d,65,0
bigquery,65,0
okhttp,65,0
boot,65,0
trello,65,0
migrations,65,0
csgo,65,0
fuse,65,0
mit,65,0
cargo,65,0
typeorm,65,0
mockito,65,0
printer,65,0
unet,65,0
fp,65,0
bookmark,65,0
hackerrank,65,0
cookiecutter,65,0
atom-editor,65,0
motion,65,0
xpath,65,0
keylogger,65,0
web-server,64,1
client-side,64,0
pusher,64,0
test-runner,64,0
blogging,64,0
websocket-client,64,0
qemu,64,0
review,64,0
helpers,64,0
educational,64,0
wallpaper,64,0
pyspark,64,0
capture,64,0
slim,64,0
constraints,64,0
google-apps-script,64,0
playlist,64,0
customization,64,0
vuepress,64,0
gans,64,0
sequence-to-sequence,64,0
tokenizer,64,0
profiler,64,0
composition,64,0
uiview,64,0
ansi,63,0
hardening,63,0
feature-flags,63,0
credit-card,63,0
wireless,63,0
photo,63,0
densenet,63,0
espresso,63,0
sketch-app,63,0
aws-ec2,63,0
passwords,63,0
checkbox,63,0
visual,63,0
eth,63,0
temperature,63,0
dicom,63,0
sso,63,0
gnome-shell,63,0
service-discovery,63,0
gplv3,63,0
google-sheets,63,0
tts,63,0
yolov3,63,0
zoom,63,0
itunes,63,0
release,63,0
actionscript,63,0
vae,63,0
experimental,63,0
adminlte,63,0
shell-scripts,63,0
intel,63,0
db,63,0
network-monitoring,62,1
object-oriented,62,1
xcode9,62,0
httpclient,62,0
micro,62,0
pull-requests,62,0
customview,62,0
ibm-cloud,62,0
mock-server,62,0
document,62,0
experiment,62,0
postcss-plugin,62,0
faster-rcnn,62,0
error-monitoring,62,0
fake,62,0
jni,62,0
dot-net,62,0
elk,62,0
cypress,62,0
bundler,62,0
tkinter,62,0
voip,62,0
content,62,0
terminal-based,62,0
minimalist,62,0
image-viewer,62,0
variational-autoencoder,62,0
placeholder,62,0
osdev,62,0
hashing,62,0
ner,62,0
draggable,62,0
webaudio,62,0
jinja2,62,0
disassembler,62,0
journalism,62,0
flutter-ui,62,0
lodash,62,0
action-recognition,61,1
knowledge-graph,61,1
databases,61,1
semi-supervised-learning,61,1
hyper,61,0
mapbox,61,0
lock,61,0
security-hardening,61,0
pipe,61,0
modeling,61,0
hyperledger-fabric,61,0
google-calendar,61,0
transform,61,0
version-control,61,0
qa,61,0
pathfinding,61,0
terraform-module,61,0
recon,61,0
pixel-art,61,0
tomcat,61,0
content-management,61,0
openframeworks,61,0
phonegap,61,0
repository-pattern,61,0
imap,61,0
boilerplate-template,61,0
specification,61,0
tiny,61,0
python27,61,0
serverless-plugin,61,0
avr,61,0
autocompletion,61,0
transport,61,0
machine-translation,60,1
quantum-computing,60,1
adb,60,0
buffer,60,0
alamofire,60,0
zeit,60,0
phpstorm,60,0
fish-shell,60,0
cncf,60,0
trade,60,0
biology,60,0
tensorflow-examples,60,0
hexo,60,0
playframework,60,0
university,60,0
retro,60,0
chemistry,60,0
semantic,60,0
telegram-api,60,0
workers,60,0
errors,60,0
onnx,60,0
hashicorp,60,0
client-library,60,0
load-testing,60,0
x11,60,0
io,60,0
virtual-dom,60,0
session,60,0
facebook-api,60,0
docker-registry,60,0
note-taking,60,0
trace,60,0
bsd,60,0
cad,60,0
settings,60,0
reference,60,0
d,60,0
recyclerview-adapter,60,0
asp-net-mvc,60,0
dcgan,60,0
ios-animation,60,0
linting,60,0
cpp-library,60,0
bem,60,0
wp-cli,60,0
evaluation,60,0
jonschlinkert,60,0
nlu,59,1
automl,59,1
convolutional-networks,59,1
image-generation,59,1
videos,59,0
cicd,59,0
filters,59,0
actors,59,0
nes,59,0
chatops,59,0
visualizer,59,0
chinese,59,0
tooling,59,0
counter,59,0
error,59,0
market-data,59,0
gin,59,0
room-persistence-library,59,0
resize,59,0
avatar,59,0
android-architecture-components,59,0
gutenberg,59,0
interview-preparation,59,0
statsd,59,0
comparison,59,0
iam,59,0
awesome-lists,59,0
xiaomi,59,0
pool,59,0
hacker-news,59,0
graphql-api,59,0
cd,59,0
imgui,59,0
dht,59,0
ncurses,59,0
incident-response,59,0
crash-reporting,59,0
procedural,59,0
poc,59,0
crawling,59,0
totp,59,0
peer-reviewed,59,0
flex,59,0
react-native-web,59,0
packaging,59,0
healthcare,59,0
obfuscation,59,0
ember-cli,59,0
fcm,58,0
slackbot,58,0
feature-engineering,58,0
kotlin-multiplatform,58,0
acme,58,0
solver,58,0
gatsby-plugin,58,0
nfc,58,0
saas,58,0
tv,58,0
admin-panel,58,0
extract,58,0
bookmarks,58,0
butterknife,58,0
edge,58,0
i2c,58,0
unity-scripts,58,0
base64,58,0
discordapp,58,0
signalr,58,0
arm64,58,0
minecraft-server,58,0
swing,58,0
formatting,58,0
keras-neural-networks,58,0
applescript,58,0
multilingual,58,0
lists,58,0
mp4,58,0
activity,58,0
kubernetes-deployment,58,0
picture,58,0
project-template,58,0
chartjs,58,0
typescript-library,58,0
animation-library,58,0
apache2,58,0
minify,58,0
phantomjs,58,0
gesture,58,0
fabric,58,0
diy,58,0
stylesheets,58,0
python-2,58,0
hosting,58,0
dotnet-framework,58,0
emotion-recognition,57,1
reinforcement-learning-algorithms,57,1
handler,57,0
security-vulnerability,57,0
vulnerability-scanners,57,0
gnome-shell-extension,57,0
postman,57,0
assistant,57,0
hive,57,0
report,57,0
xposed,57,0
aiohttp,57,0
stocks,57,0
aarch64,57,0
mirror,57,0
mmorpg,57,0
home-assistant-config,57,0
gradient-descent,57,0
oh-my-zsh,57,0
range,57,0
quickstart,57,0
graphql-schema,57,0
aws-sdk,57,0
text-generation,57,0
mouse,57,0
dependency-manager,57,0
cookies,57,0
japanese,57,0
selector,57,0
mustache,57,0
gpio,57,0
simplebus,57,0
matrix-factorization,56,1
graph-neural-networks,56,1
reason,56,0
countries,56,0
androidstudio,56,0
reconnaissance,56,0
learn,56,0
gym,56,0
sensors,56,0
php-extension,56,0
sockets,56,0
mozilla,56,0
pytorch-tutorial,56,0
adobe,56,0
mobile-web,56,0
wireguard,56,0
fastlane,56,0
cloud-foundry,56,0
feedback,56,0
semver,56,0
rating,56,0
cocoapod,56,0
ndk,56,0
voxel,56,0
spm,56,0
trie,56,0
ios-lib,56,0
onboarding,56,0
rat,56,0
craft,56,0
dagger,56,0
regexp,56,0
bootstrap5,56,0
vulnerability-detection,55,1
text-analysis,55,1
q-learning,55,1
information-extraction,55,1
texture,55,0
charting-library,55,0
raft,55,0
vanilla,55,0
jit,55,0
background,55,0
grid-layout,55,0
tty,55,0
melpa,55,0
avro,55,0
netflix,55,0
push,55,0
color-theme,55,0
graalvm,55,0
ecommerce-platform,55,0
zipkin,55,0
tree-structure,55,0
symfony-application,55,0
performance-monitoring,55,0
erp,55,0
finite-state-machine,55,0
service-mesh,55,0
es7,55,0
dotenv,55,0
version,55,0
sparql,55,0
packets,55,0
webcam,55,0
archive,55,0
tap,55,0
addons,55,0
modding,55,0
two-factor-authentication,55,0
distributed-ledger,55,0
stl,55,0
hacktoberfest2018,55,0
typeface,55,0
loading-animations,55,0
information-gathering,55,0
exceptions,55,0
bruteforce,55,0
sublime,55,0
gmail,55,0
php71,55,0
filemanager,54,1
speed,54,0
pcap,54,0
optical-flow,54,0
mdx,54,0
food,54,0
patterns,54,0
callback,54,0
storyboard,54,0
webframework,54,0
sqs,54,0
flash,54,0
oss,54,0
ar,54,0
accounting,54,0
deserialization,54,0
semantic-web,54,0
paas,54,0
pod,54,0
panel,54,0
shortcuts,54,0
wsl,54,0
registration,54,0
brasil,54,0
aws-cloudformation,54,0
mattermost,54,0
discovery,54,0
cisco,54,0
minecraft-mod,54,0
invoice,54,0
tetris,54,0
compliance,54,0
express-middleware,54,0
directory,54,0
html-parser,54,0
forge,54,0
docx,54,0
webp,54,0
rtl,54,0
openmp,54,0
generic,54,0
redteam,54,0
natural-language,53,1
neural-machine-translation,53,1
kalman-filter,53,1
reducer,53,0
fuzzy-search,53,0
protection,53,0
elixir-phoenix,53,0
gpg,53,0
prototyping,53,0
series,53,0
cnn-keras,53,0
sketchapp,53,0
updater,53,0
tasks,53,0
heatmap,53,0
ghost,53,0